hash,type,y_actual,y_pred,match,pca_segment
cd72e12f040e951a2845c34edc8816f8,benign,0,1,False,c_0
991beff24b33d1f4fcd44756a1c4b9de,benign,0,1,False,c_0
d82c23e820e6106ff24fceecd8e821fc,benign,0,1,False,c_4
63ca0afe173b8e55b9c733a54d5c37b3,benign,0,1,False,c_3
658e9a0dd41a4e7f194282a6d94beaa9,benign,0,1,False,c_0
52cac8b6d54e26edc242f3d2b9d62bd2,benign,0,1,False,c_4
6a23334620b92de1592bea4d5eef9a19,benign,0,1,False,c_0
e60c429021a5dd744a339c035e24f644,benign,0,1,False,c_4
78ba3a6c3809dbdf9ad4b02d8b08da7f,benign,0,1,False,c_0
eae3616631dc3eafbbf4a174113c02a9,benign,0,1,False,c_4
ee6e6731c19517411dec15361dae90c9,benign,0,1,False,c_0
9aa5a93712c584acdcaa7eef9d25ef4d,benign,0,1,False,c_4
977327710b71de21aab9becdf0ae2e31,benign,0,1,False,c_0
f2e6e397c0a2a605c791c63466c9d5ae,benign,0,1,False,c_0
7597b36ab936b2d1975551912858a1db,benign,0,1,False,c_4
a2cba8bb346c2d0d033bd501750ca6ab,benign,0,1,False,c_4
8e943edcb8e7f8ba0c114df0f8d9d77b,benign,0,1,False,c_0
4b95ae7d19eeb1d6dcc33dda725e303f,benign,0,1,False,c_0
fffe63678ee9a495bf2435f7037c551a,benign,0,1,False,c_0
67db2476f1e9e962ca343f799b669225,benign,0,1,False,c_0
b5fb25ca0a7d445113a9c6e117e25025,benign,0,1,False,c_4
c124a717590ec531d658a4abcc367fee,benign,0,1,False,c_0
f9167619a6c4e05c93d76d454ca52585,benign,0,1,False,c_5
d59e85a4acbe7387f8635aa7119d834c,benign,0,1,False,c_0
ea3dc2918779c4f05f9f7d7ad7b6209f,benign,0,1,False,c_4
9e2b745f6aad4e516c5eca28f4b73d97,benign,0,1,False,c_3
96e1c48e4c3d42943930e8474b7c0882,benign,0,1,False,c_0
73383466d249f35fba860c210e88690c,benign,0,1,False,c_0
694c4c90716e11d84bb10b6ad03b308b,benign,0,1,False,c_0
b0cfa6eaac40e94b1f49f6832ed5fe7a,benign,0,1,False,c_0
58236e17d9495de564abaf4bc0da02d3,benign,0,1,False,c_4
d937c0b2c88b37bafd8de97566a4b118,benign,0,1,False,c_0
6c4914b4a8d22a0ec8b3d2d423b890ce,benign,0,1,False,c_6
4a07d9094be9ade0b719a2bf8ac1218c,benign,0,1,False,c_4
b4bf4de520608833a96c928296d2568b,benign,0,1,False,c_1
1921a5574e07c3efbb41ed2ecc38ab1a,benign,0,1,False,c_0
e83d386e3568c67713af325872baf4c4,benign,0,1,False,c_4
