hash,pattern,cluster,Type 1
4eb20ca93759a6b4e26933c9c2e74133,"NtClose,NtOpenKey,NtQueryValueKey,NtClose,NtOpenKey,NtQueryValueKey,NtClose,LdrGetDllHandle,LdrGetProcedureAddress,LdrGetDllHandle,LdrGetProcedureAddress,LdrGetDllHandle,LdrGetProcedureAddress,GetSystemInfo,NtAllocateVirtualMemory,RegOpenKeyExW,FindFirstFileExW,LoadStringW,LdrLoadDll,LdrGetProcedureAddress,GetNativeSystemInfo,LoadStringW,LdrGetDllHandle,LdrGetProcedureAddress,RegOpenKeyExW,NtOpenKey,NtQueryValueKey,LdrGetDllHandle,LdrGetProcedureAddress,LdrLoadDll,LdrGetProcedureAddress,LdrGetDllHandle,LdrGetProcedureAddress,LoadStringW,RegOpenKeyExW,RegQueryValueExW,RegCloseKey,LdrGetDllHandle,LdrGetProcedureAddress,LdrGetDllHandle,LdrGetProcedureAddress,SetErrorMode,LdrLoadDll,SetErrorMode,LdrLoadDll,SetErrorMode,GetSystemMetrics,FindResourceExW,OleInitialize,FindResourceExW,LoadResource,FindResourceExW,LoadResource,NtClose,NtAllocateVirtualMemory,GetSystemMetrics,NtAllocateVirtualMemory,LdrLoadDll,LdrGetProcedureAddress,LdrLoadDll,LdrGetProcedureAddress,LdrLoadDll,LdrGetProcedureAddress,LdrLoadDll,LdrGetProcedureAddress,LdrLoadDll,LdrGetProcedureAddress,LookupAccountSidW,LdrGetProcedureAddress,LookupAccountSidW,LdrLoadDll,LdrGetProcedureAddress,LdrLoadDll,LdrGetProcedureAddress,LdrLoadDll,LdrGetProcedureAddress,LdrGetDllHandle,FindResourceExW,LoadResource,FindResourceExW,LoadResource,DrawTextExW,GetSystemMetrics,FindResourceExW,LoadResource,GetSystemMetrics,DrawTextExW,LdrGetDllHandle,FindResourceExW,LoadResource,FindResourceExW,LoadResource,FindResourceExW,LoadResource,LdrGetDllHandle,LdrGetProcedureAddress,LoadStringW,LdrGetDllHandle,LdrGetProcedureAddress,LdrGetDllHandle",105,trojan
8e4707561b9332556c73f8b052e95687,"GetSystemTimeAsFileTime,LdrLoadDll,LdrGetProcedureAddress,LdrLoadDll,LdrGetProcedureAddress,LdrLoadDll,LdrGetProcedureAddress,LdrLoadDll,LdrGetProcedureAddress,LdrLoadDll,LdrGetProcedureAddress,SetUnhandledExceptionFilter,NtAllocateVirtualMemory,NtFreeVirtualMemory,NtAllocateVirtualMemory,LdrLoadDll,LdrGetProcedureAddress,IsDebuggerPresent,GetSystemMetrics,NtMapViewOfSection,LdrGetDllHandle,LdrGetProcedureAddress,NtAllocateVirtualMemory,GetSystemMetrics,NtClose,NtOpenKey,NtQueryValueKey,NtClose,NtOpenKey,NtQueryValueKey,NtClose,GetSystemMetrics,NtAllocateVirtualMemory,LdrLoadDll,LdrGetProcedureAddress,NtProtectVirtualMemory,NtAllocateVirtualMemory,LdrLoadDll,LdrGetProcedureAddress,LdrLoadDll,LdrGetProcedureAddress,LdrLoadDll,LdrGetProcedureAddress,GetSystemWindowsDirectoryW,CreateActCtxW,LdrGetDllHandle,LdrGetProcedureAddress,LdrLoadDll,LdrGetProcedureAddress,RegOpenKeyExW,RegQueryValueExW,RegCloseKey,RegOpenKeyExW,RegQueryValueExW,RegCloseKey,GetSystemInfo,LdrGetDllHandle,LdrGetProcedureAddress,RegOpenKeyExW,NtOpenDirectoryObject,LdrLoadDll,LdrGetProcedureAddress,GetSystemInfo,NtAllocateVirtualMemory,NtFreeVirtualMemory,NtAllocateVirtualMemory,LdrLoadDll,LdrGetProcedureAddress,LdrLoadDll,LdrGetProcedureAddress,LdrLoadDll,LdrGetProcedureAddress,GetSystemTimeAsFileTime,RegOpenKeyExA,RegQueryValueExA,RegCloseKey,LdrLoadDll,LdrGetProcedureAddress,GetSystemDirectoryW,RegOpenKeyExA,LdrLoadDll,LdrGetProcedureAddress,LdrLoadDll,LdrGetProcedureAddress,GetSystemInfo,LdrLoadDll,LdrGetProcedureAddress,LdrLoadDll,LdrGetProcedureAddress,GetSystemTimeAsFileTime,LdrGetDllHandle,LdrGetProcedureAddress,SetUnhandledExceptionFilter,CoInitializeEx,NtClose,WSAStartup,NtAllocateVirtualMemory,CreateThread,LdrLoadDll,LdrGetProcedureAddress",8,adware
0d54f10c8ed625629c74dee6aa812467,"SetErrorMode,LdrGetDllHandle,LdrGetProcedureAddress,GetSystemDirectoryA,NtAllocateVirtualMemory,NtFreeVirtualMemory,NtAllocateVirtualMemory,LdrLoadDll,GetSystemDirectoryA,LdrLoadDll,GetSystemDirectoryA,GetSystemWindowsDirectoryW,GetSystemDirectoryW,RegOpenKeyExA,GetSystemWindowsDirectoryW,LoadStringW,GetSystemWindowsDirectoryW,GetSystemDirectoryW,RegOpenKeyExW,LdrLoadDll,LdrGetProcedureAddress,RegQueryValueExW,RegCloseKey,RegOpenKeyExW,RegQueryValueExW,NtOpenKey,NtQueryValueKey,NtClose,NtOpenKey,NtQueryValueKey,NtClose,RegCloseKey,NtCreateMutant,GetNativeSystemInfo,GetSystemWindowsDirectoryW,NtClose,LdrLoadDll,GetSystemDirectoryA,LdrLoadDll,GetSystemDirectoryA,LdrLoadDll,LdrGetProcedureAddress,LdrGetDllHandle,LdrGetProcedureAddress,LdrLoadDll,GetSystemDirectoryA,LdrLoadDll,GetSystemDirectoryA,LdrLoadDll,GetSystemDirectoryA,LdrGetDllHandle,LdrGetProcedureAddress,NtQueryAttributesFile,NtCreateFile,NtCreateSection,NtMapViewOfSection,NtClose,LdrLoadDll,GetSystemDirectoryA,NtAllocateVirtualMemory,LdrLoadDll,LdrGetDllHandle,GetSystemDirectoryA,LdrLoadDll,LdrGetProcedureAddress,LdrGetDllHandle,GetSystemDirectoryA,LdrLoadDll,LdrGetProcedureAddress,LdrGetDllHandle,LdrGetProcedureAddress,OleInitialize,LdrLoadDll,LdrGetProcedureAddress,LdrLoadDll,LdrGetProcedureAddress,NtOpenSection,NtMapViewOfSection,RegOpenKeyExW,RegQueryValueExW,RegCloseKey,RegOpenKeyExW,RegQueryValueExW,RegCloseKey,RegOpenKeyExW,RegQueryValueExW,RegCloseKey,RegOpenKeyExW,RegQueryValueExW,RegCloseKey,RegOpenKeyExW,RegQueryValueExW,RegCloseKey,RegOpenKeyExW,NtClose,LdrLoadDll,LdrGetProcedureAddress,GetSystemWindowsDirectoryW,NtCreateFile,NtCreateSection",238,trojan
d237507ab563bf960794540c6ebdf2d1,"GetSystemTimeAsFileTime,LdrLoadDll,LdrGetProcedureAddress,LdrLoadDll,LdrGetProcedureAddress,LdrLoadDll,LdrGetProcedureAddress,LdrLoadDll,LdrGetProcedureAddress,LdrGetDllHandle,LdrGetProcedureAddress,LdrGetDllHandle,LdrGetProcedureAddress,SetUnhandledExceptionFilter,LdrLoadDll,LdrGetProcedureAddress,CryptAcquireContextW,NtOpenKey,NtQueryValueKey,NtClose,NtOpenKey,NtQueryValueKey,NtClose,LdrGetProcedureAddress,CryptCreateHash,LdrGetProcedureAddress,CryptHashData,LdrGetProcedureAddress,NtCreateFile,GetFileSize,SetFilePointer,NtReadFile,NtClose,RegOpenKeyExW,RegQueryValueExW,RegCloseKey,CoInitializeEx,RegOpenKeyExW,RegQueryValueExW,RegEnumKeyW,RegOpenKeyExW,RegQueryValueExW,RegCloseKey,RegEnumKeyW,RegCloseKey,RegOpenKeyExW,RegQueryValueExW,RegCloseKey,CreateThread,UuidCreate,RegCreateKeyExW,LdrLoadDll,GetSystemTimeAsFileTime,RegCreateKeyExW,RegSetValueExW,RegCloseKey,RegOpenKeyExW,NtDelayExecution,EnumWindows,RegQueryValueExW,RegCloseKey,RegOpenKeyExW,RegQueryValueExW,RegCloseKey,RegOpenKeyExW,RegQueryValueExW,RegCloseKey,CoInitializeEx,GetSystemTimeAsFileTime,CoCreateInstance,NtDelayExecution,EnumWindows,GetSystemTimeAsFileTime,LdrGetDllHandle,LdrGetProcedureAddress,RegOpenKeyExW,FindResourceW,SizeofResource,LoadResource,NtDelayExecution,CoCreateInstance,NtAllocateVirtualMemory,LdrLoadDll,LdrGetProcedureAddress,RegOpenKeyExW,RegQueryInfoKeyW,RegEnumKeyExW,RegOpenKeyExW,EnumWindows,GetSystemTimeAsFileTime,RegQueryInfoKeyW,RegEnumKeyExW,RegOpenKeyExW,RegQueryValueExW,RegOpenKeyExW,RegQueryValueExW,RegOpenKeyExW,RegQueryValueExW,RegOpenKeyExW,RegQueryValueExW",9911,trojan
393b7801c178288594442525668f031a,"LdrGetDllHandle,LdrGetProcedureAddress,NtAllocateVirtualMemory,LoadStringA,NtOpenKey,NtQueryValueKey,NtClose,NtOpenKey,NtQueryValueKey,NtClose,LoadStringA,NtClose,LoadStringA,LdrGetDllHandle,LdrGetProcedureAddress,LdrGetDllHandle,LdrGetProcedureAddress,SetErrorMode,LdrLoadDll,SetErrorMode,NtCreateFile,NtCreateSection,NtMapViewOfSection,NtClose,NtQueryAttributesFile,NtCreateFile,NtCreateSection,NtMapViewOfSection,NtClose,GetSystemInfo,NtProtectVirtualMemory,NtCreateFile,FindResourceA,SizeofResource,LoadResource,GetFileSize,SetFilePointer,NtReadFile,SetFilePointer,GetFileSize,NtAllocateVirtualMemory,NtReadFile,NtAllocateVirtualMemory,NtReadFile,NtFreeVirtualMemory,SetFilePointer,LdrGetDllHandle,LdrGetProcedureAddress,GetFileAttributesW,CreateDirectoryW,SetFilePointer,NtCreateFile,NtAllocateVirtualMemory,NtReadFile,SetFilePointer,GetFileSize,NtAllocateVirtualMemory,NtReadFile,NtAllocateVirtualMemory,NtReadFile,NtFreeVirtualMemory,SetFilePointer,SetEndOfFile,SetFilePointer,NtWriteFile,NtFreeVirtualMemory,NtClose,LdrLoadDll,LdrGetProcedureAddress,LdrLoadDll,LdrGetProcedureAddress,GetSystemWindowsDirectoryW,NtCreateFile,NtCreateSection,NtMapViewOfSection,NtClose,NtAllocateVirtualMemory,NtFreeVirtualMemory,NtAllocateVirtualMemory,LdrLoadDll,LdrGetProcedureAddress,IsDebuggerPresent,GetSystemMetrics,NtMapViewOfSection,LdrGetDllHandle,LdrGetProcedureAddress,NtAllocateVirtualMemory,GetSystemMetrics,NtClose,GetSystemMetrics,NtAllocateVirtualMemory,LdrLoadDll,LdrGetProcedureAddress,LdrLoadDll,LdrGetProcedureAddress,CreateProcessInternalW,NtClose,DeleteFileW,RemoveDirectoryA,NtFreeVirtualMemory",10,_
75945d113406634b61929f3c25e06b6f,"GetSystemTimeAsFileTime,LdrLoadDll,LdrGetProcedureAddress,LdrLoadDll,LdrGetProcedureAddress,LdrLoadDll,LdrGetProcedureAddress,LdrLoadDll,LdrGetProcedureAddress,LdrLoadDll,LdrGetProcedureAddress,SetUnhandledExceptionFilter,NtAllocateVirtualMemory,NtFreeVirtualMemory,NtAllocateVirtualMemory,LdrLoadDll,LdrGetProcedureAddress,IsDebuggerPresent,GetSystemMetrics,NtMapViewOfSection,LdrGetDllHandle,LdrGetProcedureAddress,NtAllocateVirtualMemory,GetSystemMetrics,NtClose,NtOpenKey,NtQueryValueKey,NtClose,NtOpenKey,NtQueryValueKey,NtClose,GetSystemMetrics,NtAllocateVirtualMemory,LdrLoadDll,LdrGetProcedureAddress,NtProtectVirtualMemory,NtAllocateVirtualMemory,LdrLoadDll,LdrGetProcedureAddress,LdrLoadDll,LdrGetProcedureAddress,LdrLoadDll,LdrGetProcedureAddress,GetSystemWindowsDirectoryW,CreateActCtxW,LdrGetDllHandle,LdrGetProcedureAddress,LdrLoadDll,LdrGetProcedureAddress,RegOpenKeyExW,RegQueryValueExW,RegCloseKey,RegOpenKeyExW,RegQueryValueExW,RegCloseKey,GetSystemInfo,LdrGetDllHandle,LdrGetProcedureAddress,RegOpenKeyExW,NtOpenDirectoryObject,LdrLoadDll,LdrGetProcedureAddress,GetSystemInfo,NtAllocateVirtualMemory,NtFreeVirtualMemory,NtAllocateVirtualMemory,LdrLoadDll,LdrGetProcedureAddress,LdrLoadDll,LdrGetProcedureAddress,LdrLoadDll,LdrGetProcedureAddress,GetSystemTimeAsFileTime,RegOpenKeyExA,RegQueryValueExA,RegCloseKey,LdrLoadDll,LdrGetProcedureAddress,GetSystemDirectoryW,RegOpenKeyExA,LdrLoadDll,LdrGetProcedureAddress,LdrLoadDll,LdrGetProcedureAddress,GetSystemInfo,LdrLoadDll,LdrGetProcedureAddress,LdrLoadDll,LdrGetProcedureAddress,GetSystemTimeAsFileTime,LdrGetDllHandle,LdrGetProcedureAddress,SetUnhandledExceptionFilter,CoInitializeEx,NtClose,WSAStartup,NtAllocateVirtualMemory,CreateThread,LdrLoadDll,LdrGetProcedureAddress",8,adware
f73cf5e55975bdde572fe347de20c8c5,"NtClose,NtOpenKey,NtQueryValueKey,NtClose,NtOpenKey,NtQueryValueKey,NtClose,LdrGetDllHandle,LdrGetProcedureAddress,LdrGetDllHandle,LdrGetProcedureAddress,LdrGetDllHandle,LdrGetProcedureAddress,GetSystemInfo,NtAllocateVirtualMemory,RegOpenKeyExW,FindFirstFileExW,LoadStringW,LdrLoadDll,LdrGetProcedureAddress,GetNativeSystemInfo,LoadStringW,LdrGetDllHandle,LdrGetProcedureAddress,RegOpenKeyExW,NtOpenKey,NtQueryValueKey,LdrGetDllHandle,LdrGetProcedureAddress,LdrLoadDll,LdrGetProcedureAddress,LdrGetDllHandle,LdrGetProcedureAddress,LoadStringW,RegOpenKeyExW,RegQueryValueExW,RegCloseKey,LdrGetDllHandle,LdrGetProcedureAddress,LdrGetDllHandle,LdrGetProcedureAddress,SetErrorMode,LdrLoadDll,SetErrorMode,LdrLoadDll,SetErrorMode,GetSystemMetrics,FindResourceExW,OleInitialize,FindResourceExW,LoadResource,FindResourceExW,LoadResource,NtClose,NtAllocateVirtualMemory,GetSystemMetrics,NtAllocateVirtualMemory,LdrLoadDll,LdrGetProcedureAddress,LdrLoadDll,LdrGetProcedureAddress,LdrLoadDll,LdrGetProcedureAddress,LdrLoadDll,LdrGetProcedureAddress,LdrLoadDll,LdrGetProcedureAddress,LookupAccountSidW,LdrGetProcedureAddress,LookupAccountSidW,LdrLoadDll,LdrGetProcedureAddress,LdrLoadDll,LdrGetProcedureAddress,LdrLoadDll,LdrGetProcedureAddress,LdrGetDllHandle,FindResourceExW,LoadResource,FindResourceExW,LoadResource,DrawTextExW,GetSystemMetrics,FindResourceExW,LoadResource,GetSystemMetrics,DrawTextExW,LdrGetDllHandle,FindResourceExW,LoadResource,FindResourceExW,LoadResource,FindResourceExW,LoadResource,LdrGetDllHandle,LdrGetProcedureAddress,LoadStringW,LdrGetDllHandle,LdrGetProcedureAddress,LdrGetDllHandle",105,trojan
f83458d73ed95fa60a5c0c425132e35b,"GetSystemTimeAsFileTime,LdrLoadDll,LdrGetProcedureAddress,LdrLoadDll,LdrGetProcedureAddress,LdrLoadDll,LdrGetProcedureAddress,LdrLoadDll,LdrGetProcedureAddress,LdrGetDllHandle,LdrGetProcedureAddress,LdrGetDllHandle,LdrGetProcedureAddress,SetUnhandledExceptionFilter,LdrLoadDll,LdrGetProcedureAddress,CryptAcquireContextW,NtOpenKey,NtQueryValueKey,NtClose,NtOpenKey,NtQueryValueKey,NtClose,LdrGetProcedureAddress,CryptCreateHash,LdrGetProcedureAddress,CryptHashData,LdrGetProcedureAddress,NtCreateFile,GetFileSize,SetFilePointer,NtReadFile,NtClose,RegOpenKeyExW,RegQueryValueExW,RegCloseKey,CoInitializeEx,RegOpenKeyExW,RegQueryValueExW,RegEnumKeyW,RegOpenKeyExW,RegQueryValueExW,RegCloseKey,RegEnumKeyW,RegCloseKey,RegOpenKeyExW,RegQueryValueExW,RegCloseKey,CreateThread,UuidCreate,LdrLoadDll,GetSystemTimeAsFileTime,RegCreateKeyExW,NtDelayExecution,EnumWindows,GetSystemTimeAsFileTime,RegSetValueExW,RegCloseKey,RegOpenKeyExW,NtDelayExecution,EnumWindows,GetSystemTimeAsFileTime,RegQueryValueExW,NtDelayExecution,EnumWindows,GetSystemTimeAsFileTime,RegQueryValueExW,RegCloseKey,RegOpenKeyExW,RegQueryValueExW,NtDelayExecution,EnumWindows,GetSystemTimeAsFileTime,RegQueryValueExW,RegCloseKey,RegOpenKeyExW,RegQueryValueExW,NtDelayExecution,EnumWindows,GetSystemTimeAsFileTime,RegQueryValueExW,RegCloseKey,CoInitializeEx,NtDelayExecution,EnumWindows,GetSystemTimeAsFileTime,NtDelayExecution,EnumWindows,GetSystemTimeAsFileTime,NtDelayExecution,EnumWindows,GetSystemTimeAsFileTime,NtDelayExecution,EnumWindows,GetSystemTimeAsFileTime,NtDelayExecution,EnumWindows,GetSystemTimeAsFileTime,NtDelayExecution,EnumWindows",9912,trojan
ec1cd3d2de04aceaac75cd5c91ec33e5,"NtClose,NtOpenKey,NtQueryValueKey,NtClose,NtOpenKey,NtQueryValueKey,NtClose,LdrGetDllHandle,LdrGetProcedureAddress,LdrGetDllHandle,LdrGetProcedureAddress,LdrGetDllHandle,LdrGetProcedureAddress,GetSystemInfo,NtAllocateVirtualMemory,RegOpenKeyExW,FindFirstFileExW,LoadStringW,LdrLoadDll,LdrGetProcedureAddress,GetNativeSystemInfo,LoadStringW,LdrGetDllHandle,LdrGetProcedureAddress,RegOpenKeyExW,NtOpenKey,NtQueryValueKey,LdrGetDllHandle,LdrGetProcedureAddress,LdrLoadDll,LdrGetProcedureAddress,LdrGetDllHandle,LdrGetProcedureAddress,GetTimeZoneInformation,LoadStringW,RegOpenKeyExW,RegQueryValueExW,RegCloseKey,LdrGetDllHandle,LdrGetProcedureAddress,LdrGetDllHandle,LdrGetProcedureAddress,SetErrorMode,LdrLoadDll,SetErrorMode,LdrLoadDll,SetErrorMode,GetSystemMetrics,FindResourceExW,LoadResource,FindResourceExW,LoadResource,FindResourceExW,LoadResource,FindResourceExW,LoadResource,FindResourceExW,LoadResource,FindResourceExW,LoadResource,FindResourceExW,LoadResource,FindResourceExW,LoadResource,FindResourceExW,LoadResource,FindResourceExW,LoadResource,FindResourceExW,LoadResource,FindResourceExW,LoadResource,OleInitialize,FindResourceExW,NtClose,NtAllocateVirtualMemory,GetSystemMetrics,NtAllocateVirtualMemory,LdrLoadDll,LdrGetProcedureAddress,LdrLoadDll,LdrGetProcedureAddress,LdrLoadDll,LdrGetProcedureAddress,LdrLoadDll,LdrGetProcedureAddress,LdrLoadDll,LdrGetProcedureAddress,LookupAccountSidW,LdrGetProcedureAddress,LookupAccountSidW,LdrLoadDll,LdrGetProcedureAddress,LdrLoadDll,LdrGetProcedureAddress,LdrLoadDll,LdrGetProcedureAddress,LdrGetDllHandle,FindResourceExW,DrawTextExW",40,trojan
b79a52c9f8fa08327f5577bc100d1168,"GetSystemInfo,LdrGetDllHandle,LdrGetProcedureAddress,RegOpenKeyExW,NtOpenKey,NtQueryValueKey,NtClose,NtOpenKey,NtQueryValueKey,NtClose,NtQueryAttributesFile,LoadStringW,NtAllocateVirtualMemory,LoadStringW,LdrGetDllHandle,LdrGetProcedureAddress,LdrGetDllHandle,LdrGetProcedureAddress,LdrGetDllHandle,LdrGetProcedureAddress,SetErrorMode,LdrLoadDll,SetErrorMode,NtCreateFile,NtCreateSection,NtMapViewOfSection,NtClose,NtQueryAttributesFile,NtCreateFile,NtCreateSection,NtMapViewOfSection,NtClose,GetSystemInfo,NtProtectVirtualMemory,NtCreateFile,FindResourceW,SizeofResource,LoadResource,GetFileSize,SetFilePointer,NtReadFile,SetFilePointer,GetFileSize,NtReadFile,NtAllocateVirtualMemory,NtReadFile,NtFreeVirtualMemory,SetFilePointer,LdrGetDllHandle,LdrGetProcedureAddress,GetFileAttributesW,CreateDirectoryW,SetFilePointer,NtCreateFile,NtAllocateVirtualMemory,NtReadFile,SetFilePointer,GetFileSize,NtReadFile,NtAllocateVirtualMemory,NtReadFile,NtFreeVirtualMemory,SetFilePointer,SetEndOfFile,SetFilePointer,NtWriteFile,NtFreeVirtualMemory,NtClose,LdrLoadDll,LdrGetProcedureAddress,LdrLoadDll,LdrGetProcedureAddress,GetSystemWindowsDirectoryW,NtCreateFile,NtCreateSection,NtMapViewOfSection,NtClose,NtAllocateVirtualMemory,NtFreeVirtualMemory,NtAllocateVirtualMemory,LdrLoadDll,LdrGetProcedureAddress,IsDebuggerPresent,GetSystemMetrics,NtMapViewOfSection,LdrGetDllHandle,LdrGetProcedureAddress,NtAllocateVirtualMemory,GetSystemMetrics,NtClose,GetSystemMetrics,NtAllocateVirtualMemory,LdrLoadDll,LdrGetProcedureAddress,LdrLoadDll,LdrGetProcedureAddress,CreateProcessInternalW,NtClose,DeleteFileW,RemoveDirectoryW",1118,pua
f20cde9ee91bbe68e5ddfae9e20b3f6f,"GetSystemTimeAsFileTime,LdrLoadDll,LdrGetProcedureAddress,LdrLoadDll,LdrGetProcedureAddress,LdrLoadDll,LdrGetProcedureAddress,LdrLoadDll,LdrGetProcedureAddress,LdrGetDllHandle,LdrGetProcedureAddress,LdrGetDllHandle,LdrGetProcedureAddress,SetUnhandledExceptionFilter,LdrLoadDll,LdrGetProcedureAddress,CryptAcquireContextW,NtOpenKey,NtQueryValueKey,NtClose,NtOpenKey,NtQueryValueKey,NtClose,LdrGetProcedureAddress,CryptCreateHash,LdrGetProcedureAddress,CryptHashData,LdrGetProcedureAddress,NtCreateFile,GetFileSize,SetFilePointer,NtReadFile,NtClose,RegOpenKeyExW,RegQueryValueExW,RegCloseKey,CoInitializeEx,RegOpenKeyExW,RegQueryValueExW,RegEnumKeyW,RegOpenKeyExW,RegQueryValueExW,RegCloseKey,RegEnumKeyW,RegCloseKey,RegOpenKeyExW,RegQueryValueExW,RegCloseKey,CreateThread,UuidCreate,RegCreateKeyExW,RegSetValueExW,RegCloseKey,RegOpenKeyExW,RegQueryValueExW,RegCloseKey,RegOpenKeyExW,RegQueryValueExW,RegCloseKey,RegOpenKeyExW,RegQueryValueExW,RegCloseKey,CoInitializeEx,LdrLoadDll,GetSystemTimeAsFileTime,CoCreateInstance,LdrGetDllHandle,LdrGetProcedureAddress,RegOpenKeyExW,FindResourceW,SizeofResource,LoadResource,CoCreateInstance,NtAllocateVirtualMemory,LdrLoadDll,LdrGetProcedureAddress,RegOpenKeyExW,RegQueryInfoKeyW,RegEnumKeyExW,RegOpenKeyExW,RegQueryInfoKeyW,RegEnumKeyExW,RegOpenKeyExW,RegQueryValueExW,RegOpenKeyExW,RegQueryValueExW,RegOpenKeyExW,RegQueryValueExW,RegOpenKeyExW,RegQueryValueExW,RegOpenKeyExW,RegQueryValueExW,RegOpenKeyExW,RegQueryValueExW,RegOpenKeyExW,RegQueryValueExW,RegOpenKeyExW,RegQueryValueExW,RegOpenKeyExW,RegQueryValueExW",19,trojan
8be8ba7311d098be56b9146c3181ff4b,"GetSystemTimeAsFileTime,LdrLoadDll,LdrGetProcedureAddress,LdrLoadDll,LdrGetProcedureAddress,LdrLoadDll,LdrGetProcedureAddress,LdrLoadDll,LdrGetProcedureAddress,LdrGetDllHandle,LdrGetProcedureAddress,LdrGetDllHandle,LdrGetProcedureAddress,SetUnhandledExceptionFilter,LdrLoadDll,LdrGetProcedureAddress,CryptAcquireContextW,NtOpenKey,NtQueryValueKey,NtClose,NtOpenKey,NtQueryValueKey,NtClose,LdrGetProcedureAddress,CryptCreateHash,LdrGetProcedureAddress,CryptHashData,LdrGetProcedureAddress,NtCreateFile,GetFileSize,SetFilePointer,NtReadFile,NtClose,RegOpenKeyExW,RegQueryValueExW,RegCloseKey,CoInitializeEx,RegOpenKeyExW,RegQueryValueExW,RegEnumKeyW,RegOpenKeyExW,RegQueryValueExW,RegCloseKey,RegEnumKeyW,RegCloseKey,RegOpenKeyExW,RegQueryValueExW,RegCloseKey,CreateThread,UuidCreate,RegCreateKeyExW,LdrLoadDll,GetSystemTimeAsFileTime,RegSetValueExW,RegCloseKey,RegOpenKeyExW,RegQueryValueExW,RegCloseKey,RegOpenKeyExW,RegQueryValueExW,RegCloseKey,RegOpenKeyExW,NtDelayExecution,EnumWindows,GetSystemTimeAsFileTime,RegQueryValueExW,RegCloseKey,CoInitializeEx,NtDelayExecution,EnumWindows,GetSystemTimeAsFileTime,NtDelayExecution,EnumWindows,GetSystemTimeAsFileTime,NtDelayExecution,EnumWindows,GetSystemTimeAsFileTime,NtDelayExecution,EnumWindows,GetSystemTimeAsFileTime,CoCreateInstance,LdrGetDllHandle,LdrGetProcedureAddress,RegOpenKeyExW,FindResourceW,SizeofResource,LoadResource,NtDelayExecution,EnumWindows,GetSystemTimeAsFileTime,NtDelayExecution,EnumWindows,GetSystemTimeAsFileTime,CoCreateInstance,NtAllocateVirtualMemory,NtDelayExecution,EnumWindows,GetSystemTimeAsFileTime,LdrLoadDll,LdrGetProcedureAddress",9913,adware
4d56d0104596fb55f7c677b5dbeae422,"NtClose,NtOpenKey,NtQueryValueKey,NtClose,NtOpenKey,NtQueryValueKey,NtClose,LdrGetDllHandle,LdrGetProcedureAddress,LdrGetDllHandle,LdrGetProcedureAddress,LdrGetDllHandle,LdrGetProcedureAddress,GetSystemInfo,NtAllocateVirtualMemory,RegOpenKeyExW,FindFirstFileExW,LoadStringW,LdrLoadDll,LdrGetProcedureAddress,GetNativeSystemInfo,LoadStringW,LdrGetDllHandle,LdrGetProcedureAddress,RegOpenKeyExW,NtOpenKey,NtQueryValueKey,LdrGetDllHandle,LdrGetProcedureAddress,LdrLoadDll,LdrGetProcedureAddress,LdrGetDllHandle,LdrGetProcedureAddress,LoadStringW,RegOpenKeyExW,RegQueryValueExW,RegCloseKey,LdrGetDllHandle,LdrGetProcedureAddress,LdrGetDllHandle,LdrGetProcedureAddress,SetErrorMode,LdrLoadDll,SetErrorMode,LdrLoadDll,SetErrorMode,GetSystemMetrics,FindResourceExW,OleInitialize,FindResourceExW,LoadResource,FindResourceExW,LoadResource,NtClose,NtAllocateVirtualMemory,GetSystemMetrics,NtAllocateVirtualMemory,LdrLoadDll,LdrGetProcedureAddress,LdrLoadDll,LdrGetProcedureAddress,LdrLoadDll,LdrGetProcedureAddress,LdrLoadDll,LdrGetProcedureAddress,LdrLoadDll,LdrGetProcedureAddress,LookupAccountSidW,LdrGetProcedureAddress,LookupAccountSidW,LdrLoadDll,LdrGetProcedureAddress,LdrLoadDll,LdrGetProcedureAddress,LdrLoadDll,LdrGetProcedureAddress,LdrGetDllHandle,FindResourceExW,LoadResource,FindResourceExW,LoadResource,DrawTextExW,GetSystemMetrics,FindResourceExW,LoadResource,GetSystemMetrics,DrawTextExW,LdrGetDllHandle,FindResourceExW,LoadResource,FindResourceExW,LoadResource,FindResourceExW,LoadResource,LdrGetDllHandle,LdrGetProcedureAddress,LoadStringW,LdrGetDllHandle,LdrGetProcedureAddress,LdrGetDllHandle",105,trojan
efec507611e2780fa7aeca24cba2c33f,"GetSystemTimeAsFileTime,LdrLoadDll,LdrGetProcedureAddress,LdrLoadDll,LdrGetProcedureAddress,LdrLoadDll,LdrGetProcedureAddress,LdrLoadDll,LdrGetProcedureAddress,LdrGetDllHandle,LdrGetProcedureAddress,LdrGetDllHandle,LdrGetProcedureAddress,SetUnhandledExceptionFilter,LdrLoadDll,LdrGetProcedureAddress,CryptAcquireContextW,NtOpenKey,NtQueryValueKey,NtClose,NtOpenKey,NtQueryValueKey,NtClose,LdrGetProcedureAddress,CryptCreateHash,LdrGetProcedureAddress,CryptHashData,LdrGetProcedureAddress,NtCreateFile,GetFileSize,SetFilePointer,NtReadFile,NtClose,RegOpenKeyExW,RegQueryValueExW,RegCloseKey,CoInitializeEx,RegOpenKeyExW,RegQueryValueExW,RegEnumKeyW,RegOpenKeyExW,RegQueryValueExW,RegCloseKey,RegEnumKeyW,RegCloseKey,RegOpenKeyExW,RegQueryValueExW,RegCloseKey,CreateThread,UuidCreate,RegCreateKeyExW,RegSetValueExW,RegCloseKey,RegOpenKeyExW,RegQueryValueExW,RegCloseKey,RegOpenKeyExW,RegQueryValueExW,RegCloseKey,RegOpenKeyExW,RegQueryValueExW,RegCloseKey,CoInitializeEx,LdrLoadDll,GetSystemTimeAsFileTime,CoCreateInstance,LdrGetDllHandle,LdrGetProcedureAddress,RegOpenKeyExW,FindResourceW,SizeofResource,LoadResource,NtDelayExecution,EnumWindows,GetSystemTimeAsFileTime,CoCreateInstance,NtAllocateVirtualMemory,LdrLoadDll,LdrGetProcedureAddress,RegOpenKeyExW,RegQueryInfoKeyW,RegEnumKeyExW,RegOpenKeyExW,RegQueryInfoKeyW,RegEnumKeyExW,RegOpenKeyExW,RegQueryValueExW,RegOpenKeyExW,RegQueryValueExW,RegOpenKeyExW,RegQueryValueExW,NtDelayExecution,EnumWindows,GetSystemTimeAsFileTime,RegQueryValueExW,RegOpenKeyExW,RegQueryValueExW,RegOpenKeyExW,RegQueryValueExW,RegOpenKeyExW",5170,trojan
e11d84d970bb8e5000bda9ed7f241ce9,"GetSystemTimeAsFileTime,SetUnhandledExceptionFilter,LdrGetDllHandle,NtDuplicateObject,NtAllocateVirtualMemory,WSAStartup,GetSystemTimeAsFileTime,GetSystemInfo,SetErrorMode,LdrGetDllHandle,LdrGetProcedureAddress,LdrGetDllHandle,LdrGetProcedureAddress,RegOpenKeyExW,RegQueryValueExW,RegCloseKey,RegOpenKeyExW,RegQueryValueExW,RegCloseKey,GetSystemInfo,LdrGetDllHandle,LdrGetProcedureAddress,RegOpenKeyExW,NtOpenDirectoryObject,GetSystemDirectoryW,RegOpenKeyExA,GetSystemWindowsDirectoryW,LoadStringW,GetSystemWindowsDirectoryW,GetSystemDirectoryW,RegOpenKeyExW,LdrLoadDll,LdrGetProcedureAddress,RegQueryValueExW,RegCloseKey,RegOpenKeyExW,RegQueryValueExW,RegCloseKey,NtCreateMutant,GetNativeSystemInfo,GetSystemWindowsDirectoryW,NtClose,LdrLoadDll,LdrGetProcedureAddress,LdrLoadDll,LdrGetProcedureAddress,WSAStartup,socket,NtAllocateVirtualMemory,NtQueryAttributesFile,LdrUnloadDll,NtQueryAttributesFile,LdrUnloadDll,NtQueryAttributesFile,LdrUnloadDll,NtQueryAttributesFile,NtCreateFile,NtCreateSection,NtMapViewOfSection,NtClose,NtAllocateVirtualMemory,NtUnmapViewOfSection,NtQueryAttributesFile,NtCreateFile,NtCreateSection,NtMapViewOfSection,NtClose,NtUnmapViewOfSection,NtQueryAttributesFile,NtCreateFile,NtCreateSection,NtMapViewOfSection,NtClose,NtUnmapViewOfSection,NtQueryAttributesFile,NtCreateFile,NtCreateSection,NtMapViewOfSection,NtClose,NtUnmapViewOfSection,NtQueryAttributesFile,NtCreateFile,NtCreateSection,NtMapViewOfSection,NtClose,NtUnmapViewOfSection,NtQueryAttributesFile,NtCreateFile,NtCreateSection,NtMapViewOfSection,NtClose,NtUnmapViewOfSection,NtQueryAttributesFile,NtCreateFile,NtCreateSection,NtMapViewOfSection,NtClose,NtUnmapViewOfSection,closesocket,socket",9914,miner
5d883b9aabe16c16c97c6e5d04b333e2,"GetSystemTimeAsFileTime,LdrGetDllHandle,LdrGetProcedureAddress,SetUnhandledExceptionFilter,LdrLoadDll,LdrGetProcedureAddress,LdrLoadDll,LdrGetProcedureAddress,GetNativeSystemInfo,LdrUnloadDll,CoInitializeEx,RegOpenKeyExW,RegQueryValueExW,RegCloseKey,RegOpenKeyExW,LdrLoadDll,LdrGetProcedureAddress,LdrUnloadDll,NtCreateFile,GetFileType,NtQueryAttributesFile,LdrLoadDll,LdrGetProcedureAddress,LdrUnloadDll,NtAllocateVirtualMemory,FindResourceExW,LoadResource,SizeofResource,NtAllocateVirtualMemory,GetSystemTimeAsFileTime,NtClose,LdrUnloadDll,IsDebuggerPresent,LdrLoadDll,LdrGetProcedureAddress,NtOpenSection,NtMapViewOfSection,RegOpenKeyExW,RegQueryValueExW,RegCloseKey,RegOpenKeyExW,RegQueryValueExW,RegCloseKey,RegOpenKeyExW,RegQueryValueExW,RegCloseKey,RegOpenKeyExW,RegQueryValueExW,RegCloseKey,RegOpenKeyExW,RegQueryValueExW,RegCloseKey,RegOpenKeyExW,NtClose,NtOpenKey,NtQueryValueKey,NtClose,NtOpenKey,NtQueryValueKey,NtClose,LdrLoadDll,LdrGetProcedureAddress,GetSystemWindowsDirectoryW,NtCreateFile,NtCreateSection,NtMapViewOfSection,NtClose,RegOpenKeyExA,LdrGetProcedureAddress,CreateActCtxW,LdrLoadDll,LdrGetProcedureAddress,LdrLoadDll,LdrGetProcedureAddress,RegOpenKeyExW,RegQueryValueExW,RegCloseKey,RegOpenKeyExW,LdrLoadDll,LdrGetProcedureAddress,RegOpenKeyExW,RegQueryValueExW,RegCloseKey,LdrGetProcedureAddress,RegOpenKeyExW,RegQueryValueExW,RegCloseKey,LdrGetProcedureAddress,GetVolumeNameForVolumeMountPointW,LdrGetProcedureAddress,RegOpenKeyExW,RegCloseKey,RegQueryValueExW,RegCloseKey,RegOpenKeyExW,RegCloseKey,RegQueryValueExW,RegCloseKey,LdrGetProcedureAddress,NtClose",2857,trojan
97d855fd3602f33dd4fecc6e33cfc555,"RegOpenKeyExA,NtOpenKey,NtQueryValueKey,NtClose,NtOpenKey,NtQueryValueKey,NtClose,NtQueryAttributesFile,LoadStringA,NtAllocateVirtualMemory,LoadStringA,LdrGetDllHandle,LdrGetProcedureAddress,LdrGetDllHandle,LdrGetProcedureAddress,LdrGetDllHandle,LoadStringA,LdrGetProcedureAddress,GetSystemMetrics,FindResourceExW,LoadResource,FindResourceExW,LoadResource,FindResourceExW,LoadResource,FindResourceExW,LoadResource,FindResourceExW,LoadResource,FindResourceExW,LoadResource,FindResourceExW,LoadResource,FindResourceExW,LoadResource,FindResourceExW,LoadResource,FindResourceExW,LoadResource,FindResourceExW,LoadResource,FindResourceExW,LoadResource,FindResourceExW,LoadResource,FindResourceExW,LoadResource,LdrGetProcedureAddress,FindResourceExW,LoadResource,FindResourceExW,LoadResource,NtAllocateVirtualMemory,GetSystemMetrics,NtClose,GetSystemMetrics,NtAllocateVirtualMemory,LdrLoadDll,LdrGetProcedureAddress,LdrGetDllHandle,FindResourceExW,LoadResource,FindResourceExW,LoadResource,DrawTextExW,GetSystemMetrics,FindResourceExW,LoadResource,GetSystemMetrics,DrawTextExW,LdrGetDllHandle,FindResourceExW,LoadResource,FindResourceExW,LoadResource,FindResourceExW,LoadResource,LdrGetDllHandle,LdrGetProcedureAddress,LoadStringA,LdrGetDllHandle,LdrGetProcedureAddress,LdrGetDllHandle,LdrGetProcedureAddress,GetSystemMetrics,FindResourceA,LoadResource,SizeofResource,NtAllocateVirtualMemory,LdrLoadDll,LdrGetProcedureAddress,GetSystemWindowsDirectoryW,NtCreateFile,NtCreateSection,NtMapViewOfSection,NtClose,GetSystemMetrics,NtAllocateVirtualMemory,CreateActCtxW,GetSystemWindowsDirectoryW",0,trojan
c0891b5c428e2b82fef557a495b19cb5,"GetSystemTimeAsFileTime,LdrLoadDll,LdrGetProcedureAddress,LdrLoadDll,LdrGetProcedureAddress,LdrLoadDll,LdrGetProcedureAddress,LdrLoadDll,LdrGetProcedureAddress,LdrGetDllHandle,LdrGetProcedureAddress,LdrGetDllHandle,LdrGetProcedureAddress,SetUnhandledExceptionFilter,LdrLoadDll,LdrGetProcedureAddress,CryptAcquireContextW,NtOpenKey,NtQueryValueKey,NtClose,NtOpenKey,NtQueryValueKey,NtClose,LdrGetProcedureAddress,CryptCreateHash,LdrGetProcedureAddress,CryptHashData,LdrGetProcedureAddress,NtCreateFile,GetFileSize,SetFilePointer,NtReadFile,NtClose,RegOpenKeyExW,RegQueryValueExW,RegCloseKey,CoInitializeEx,RegOpenKeyExW,RegQueryValueExW,RegEnumKeyW,RegOpenKeyExW,RegQueryValueExW,RegCloseKey,RegEnumKeyW,RegCloseKey,RegOpenKeyExW,RegQueryValueExW,RegCloseKey,CreateThread,UuidCreate,RegCreateKeyExW,RegSetValueExW,LdrLoadDll,GetSystemTimeAsFileTime,RegSetValueExW,RegCloseKey,RegOpenKeyExW,RegQueryValueExW,RegCloseKey,RegOpenKeyExW,RegQueryValueExW,RegCloseKey,RegOpenKeyExW,RegQueryValueExW,RegCloseKey,CoInitializeEx,CoCreateInstance,LdrGetDllHandle,LdrGetProcedureAddress,RegOpenKeyExW,FindResourceW,SizeofResource,LoadResource,NtDelayExecution,EnumWindows,GetSystemTimeAsFileTime,CoCreateInstance,NtAllocateVirtualMemory,LdrLoadDll,LdrGetProcedureAddress,RegOpenKeyExW,RegQueryInfoKeyW,RegEnumKeyExW,RegOpenKeyExW,RegQueryInfoKeyW,RegEnumKeyExW,RegOpenKeyExW,RegQueryValueExW,RegOpenKeyExW,RegQueryValueExW,RegOpenKeyExW,RegQueryValueExW,RegOpenKeyExW,RegQueryValueExW,RegOpenKeyExW,RegQueryValueExW,RegOpenKeyExW,RegQueryValueExW,RegOpenKeyExW,RegQueryValueExW",188,trojan
0fa62a242943e6c2b7ead749ddb33b58,"RegOpenKeyExA,NtOpenKey,NtQueryValueKey,NtClose,NtOpenKey,NtQueryValueKey,NtClose,NtQueryAttributesFile,LoadStringA,NtAllocateVirtualMemory,LoadStringA,LdrGetDllHandle,LdrGetProcedureAddress,LdrGetDllHandle,LdrGetProcedureAddress,LdrGetDllHandle,LoadStringA,LdrGetProcedureAddress,GetSystemMetrics,FindResourceExW,LoadResource,FindResourceExW,LoadResource,FindResourceExW,LoadResource,FindResourceExW,LoadResource,FindResourceExW,LoadResource,FindResourceExW,LoadResource,FindResourceExW,LoadResource,FindResourceExW,LoadResource,FindResourceExW,LoadResource,FindResourceExW,LoadResource,FindResourceExW,LoadResource,FindResourceExW,LoadResource,FindResourceExW,LoadResource,FindResourceExW,LoadResource,LdrGetProcedureAddress,FindResourceExW,LoadResource,FindResourceExW,LoadResource,NtAllocateVirtualMemory,GetSystemMetrics,NtClose,GetSystemMetrics,NtAllocateVirtualMemory,LdrLoadDll,LdrGetProcedureAddress,LdrGetDllHandle,FindResourceExW,LoadResource,FindResourceExW,LoadResource,DrawTextExW,GetSystemMetrics,FindResourceExW,LoadResource,GetSystemMetrics,DrawTextExW,LdrGetDllHandle,FindResourceExW,LoadResource,FindResourceExW,LoadResource,FindResourceExW,LoadResource,LdrGetDllHandle,LdrGetProcedureAddress,LoadStringA,LdrGetDllHandle,LdrGetProcedureAddress,LdrGetDllHandle,LdrGetProcedureAddress,GetSystemMetrics,FindResourceA,LoadResource,SizeofResource,NtAllocateVirtualMemory,LdrLoadDll,LdrGetProcedureAddress,GetSystemWindowsDirectoryW,NtCreateFile,NtCreateSection,NtMapViewOfSection,NtClose,GetSystemMetrics,NtAllocateVirtualMemory,CreateActCtxW,GetSystemWindowsDirectoryW",0,trojan
12a0d1bf00a28a4acc1239859bae2610,"NtAllocateVirtualMemory,SetErrorMode,LoadStringA,OleInitialize,LdrLoadDll,LdrGetProcedureAddress,NtAllocateVirtualMemory,NtFreeVirtualMemory,NtAllocateVirtualMemory,GetSystemInfo,NtAllocateVirtualMemory,NtProtectVirtualMemory,LdrGetDllHandle,LdrGetProcedureAddress,LdrGetDllHandle,LdrGetProcedureAddress,GetSystemMetrics,SearchPathW,LdrLoadDll,LdrGetProcedureAddress,FindResourceExW,LoadResource,FindResourceExW,LoadResource,LdrGetDllHandle,LdrGetProcedureAddress,GetSystemMetrics,FindResourceExW,LoadResource,FindResourceExW,LoadResource,NtClose,NtOpenKey,NtQueryValueKey,GetFileAttributesW,NtQueryValueKey,GetFileAttributesW,NtQueryValueKey,GetFileAttributesW,NtQueryValueKey,GetFileAttributesW,GetSystemMetrics,RegOpenKeyExA,SetWindowsHookExA,NtAllocateVirtualMemory,NtProtectVirtualMemory,NtAllocateVirtualMemory,NtProtectVirtualMemory,NtAllocateVirtualMemory,RegOpenKeyExA,NtAllocateVirtualMemory,NtFreeVirtualMemory,NtCreateSection,NtMapViewOfSection,NtAllocateVirtualMemory,GetTempPathW,LdrLoadDll,LdrGetProcedureAddress,CryptAcquireContextW,LdrGetProcedureAddress,NtCreateFile,GetFileType,GetFileSize,SetFilePointer,SetEndOfFile,SetFilePointer,GlobalMemoryStatus,NtCreateSection,NtMapViewOfSection,NtClose,NtQueryInformationFile,NtAllocateVirtualMemory,GetSystemMetrics,NtAllocateVirtualMemory,NtFreeVirtualMemory,NtAllocateVirtualMemory,GetSystemMetrics,NtAllocateVirtualMemory,LdrLoadDll,LdrGetProcedureAddress,FindResourceExW,LoadResource,RegOpenKeyExW,NtAllocateVirtualMemory,CreateActCtxW,GetSystemWindowsDirectoryW,CreateActCtxW,LdrGetDllHandle,LdrGetProcedureAddress,LdrLoadDll,LdrGetProcedureAddress,LdrLoadDll,LdrGetProcedureAddress,GetSystemMetrics,LdrGetProcedureAddress,GetSystemMetrics,DrawTextExW,GetSystemMetrics,DrawTextExW,GetSystemMetrics",9915,trojan
7d101b2fd1951c8ebd094e8b1bdafde3,"LdrLoadDll,LdrGetProcedureAddress,NtProtectVirtualMemory,NtAllocateVirtualMemory,SetErrorMode,LoadStringA,OleInitialize,LdrLoadDll,LdrGetProcedureAddress,NtAllocateVirtualMemory,NtFreeVirtualMemory,NtAllocateVirtualMemory,GetSystemInfo,NtAllocateVirtualMemory,NtProtectVirtualMemory,LdrGetDllHandle,LdrGetProcedureAddress,LdrGetDllHandle,LdrGetProcedureAddress,GetSystemMetrics,SearchPathW,LdrLoadDll,LdrGetProcedureAddress,FindResourceExW,LoadResource,FindResourceExW,LoadResource,LdrGetDllHandle,LdrGetProcedureAddress,GetSystemMetrics,FindResourceExW,LoadResource,FindResourceExW,LoadResource,NtClose,NtOpenKey,NtQueryValueKey,GetFileAttributesW,NtQueryValueKey,GetFileAttributesW,NtQueryValueKey,GetFileAttributesW,NtQueryValueKey,GetFileAttributesW,GetSystemMetrics,RegOpenKeyExA,SetWindowsHookExA,NtAllocateVirtualMemory,NtProtectVirtualMemory,NtAllocateVirtualMemory,NtProtectVirtualMemory,NtAllocateVirtualMemory,RegOpenKeyExA,SetErrorMode,LdrLoadDll,SetErrorMode,LdrGetProcedureAddress,NtOpenFile,NtClose,NtOpenFile,NtClose,LoadStringA,LdrLoadDll,LdrGetProcedureAddress,NtOpenFile,NtClose,LoadStringA,NtOpenFile,NtClose,NtOpenFile,NtClose,NtOpenFile,NtClose,NtOpenFile,NtClose,NtOpenFile,NtClose,SetErrorMode,LdrLoadDll,SetErrorMode,LdrGetProcedureAddress,SetErrorMode,LdrLoadDll,SetErrorMode,LdrGetProcedureAddress,RegOpenKeyExA,SetErrorMode,LdrLoadDll,SetErrorMode,LdrGetProcedureAddress,RegQueryValueExA,SetErrorMode,LdrLoadDll,SetErrorMode,LdrGetProcedureAddress,RegCloseKey,SetErrorMode,LdrLoadDll,SetErrorMode,LdrGetProcedureAddress",6529,_
563185e2a76d2b8d94b9b1ec48cb2898,"GetSystemTimeAsFileTime,NtAllocateVirtualMemory,LdrGetDllHandle,LdrGetProcedureAddress,LdrGetDllHandle,NtAllocateVirtualMemory,SetUnhandledExceptionFilter,NtAllocateVirtualMemory,LdrLoadDll,LdrGetProcedureAddress,LdrLoadDll,LdrGetProcedureAddress,GetSystemTimeAsFileTime,RegOpenKeyExA,RegQueryValueExA,RegCloseKey,RegOpenKeyExA,RegQueryValueExA,RegCloseKey,RegOpenKeyExW,RegQueryValueExW,RegCloseKey,NtClose,LdrLoadDll,LdrGetProcedureAddress,LdrLoadDll,LdrGetProcedureAddress,LdrLoadDll,LdrGetProcedureAddress,LdrLoadDll,LdrGetProcedureAddress,LdrLoadDll,LdrGetProcedureAddress,LdrLoadDll,LdrGetProcedureAddress,NtAllocateVirtualMemory,NtFreeVirtualMemory,NtAllocateVirtualMemory,LdrGetDllHandle,LdrGetProcedureAddress,LdrGetDllHandle,LdrGetProcedureAddress,LdrGetDllHandle,LdrGetProcedureAddress,LdrGetDllHandle,LdrGetProcedureAddress,LdrGetDllHandle,LdrGetProcedureAddress,LdrGetDllHandle,LdrGetProcedureAddress,LdrGetDllHandle,LdrGetProcedureAddress,LdrGetDllHandle,LdrGetProcedureAddress,LdrGetDllHandle,LdrGetProcedureAddress,LdrGetDllHandle,LdrGetProcedureAddress,LdrGetDllHandle,LdrGetProcedureAddress,LdrGetDllHandle,LdrGetProcedureAddress,LdrGetDllHandle,LdrGetProcedureAddress,LdrGetDllHandle,LdrGetProcedureAddress,LdrGetDllHandle,LdrGetProcedureAddress,LdrGetDllHandle,LdrGetProcedureAddress,LdrGetDllHandle,LdrGetProcedureAddress,LdrGetDllHandle,LdrGetProcedureAddress,LdrGetDllHandle,LdrGetProcedureAddress,LdrGetDllHandle,LdrGetProcedureAddress,LdrGetDllHandle,LdrGetProcedureAddress,LdrGetDllHandle,LdrGetProcedureAddress,LdrGetDllHandle,LdrGetProcedureAddress,LdrGetDllHandle,LdrGetProcedureAddress,LdrGetDllHandle,LdrGetProcedureAddress,LdrGetDllHandle,LdrGetProcedureAddress,LdrGetDllHandle,LdrGetProcedureAddress,NtAllocateVirtualMemory,LdrGetDllHandle,LdrGetProcedureAddress,NtOpenProcess,NtClose,GetSystemMetrics,NtClose,NtOpenKey",372,downloader
40c5ecd4b55d4d1e46823a7fdc79aa27,"GetSystemTimeAsFileTime,LdrLoadDll,LdrGetProcedureAddress,LdrLoadDll,LdrGetProcedureAddress,LdrLoadDll,LdrGetProcedureAddress,LdrLoadDll,LdrGetProcedureAddress,LdrGetDllHandle,LdrGetProcedureAddress,LdrGetDllHandle,LdrGetProcedureAddress,SetUnhandledExceptionFilter,LdrLoadDll,LdrGetProcedureAddress,CryptAcquireContextW,NtOpenKey,NtQueryValueKey,NtClose,NtOpenKey,NtQueryValueKey,NtClose,LdrGetProcedureAddress,CryptCreateHash,LdrGetProcedureAddress,CryptHashData,LdrGetProcedureAddress,NtCreateFile,GetFileSize,SetFilePointer,NtReadFile,NtClose,RegOpenKeyExW,RegQueryValueExW,RegCloseKey,CoInitializeEx,RegOpenKeyExW,RegQueryValueExW,RegEnumKeyW,RegOpenKeyExW,RegQueryValueExW,RegCloseKey,RegEnumKeyW,RegCloseKey,RegOpenKeyExW,RegQueryValueExW,RegCloseKey,CreateThread,UuidCreate,RegCreateKeyExW,RegSetValueExW,RegCloseKey,RegOpenKeyExW,LdrLoadDll,GetSystemTimeAsFileTime,RegQueryValueExW,RegCloseKey,RegOpenKeyExW,RegQueryValueExW,RegCloseKey,RegOpenKeyExW,RegQueryValueExW,RegCloseKey,CoInitializeEx,NtDelayExecution,EnumWindows,GetSystemTimeAsFileTime,CoCreateInstance,NtDelayExecution,EnumWindows,GetSystemTimeAsFileTime,LdrGetDllHandle,LdrGetProcedureAddress,RegOpenKeyExW,FindResourceW,SizeofResource,LoadResource,CoCreateInstance,NtAllocateVirtualMemory,NtDelayExecution,EnumWindows,GetSystemTimeAsFileTime,LdrLoadDll,LdrGetProcedureAddress,RegOpenKeyExW,RegQueryInfoKeyW,RegEnumKeyExW,RegOpenKeyExW,RegQueryInfoKeyW,RegEnumKeyExW,RegOpenKeyExW,RegQueryValueExW,RegOpenKeyExW,RegQueryValueExW,RegOpenKeyExW,RegQueryValueExW,RegOpenKeyExW,RegQueryValueExW,RegOpenKeyExW",9916,trojan
dbed624edf089e16105fec4e098024df,"GetSystemTimeAsFileTime,LdrLoadDll,LdrGetProcedureAddress,LdrLoadDll,LdrGetProcedureAddress,LdrLoadDll,LdrGetProcedureAddress,LdrLoadDll,LdrGetProcedureAddress,GetFileType,LdrLoadDll,LdrGetProcedureAddress,LdrGetDllHandle,LdrGetProcedureAddress,LdrGetDllHandle,LdrGetProcedureAddress,SetUnhandledExceptionFilter,NtProtectVirtualMemory,NtAllocateVirtualMemory,LdrLoadDll,LdrGetProcedureAddress,GetSystemTimeAsFileTime,GetSystemInfo,NtCreateMutant,GetSystemTimeAsFileTime,NtOpenKey,NtOpenKeyEx,NtQuerySystemInformation,NtProtectVirtualMemory,GetSystemDirectoryW,LdrGetDllHandle,LdrLoadDll,GetSystemDirectoryW,LdrGetDllHandle,NtOpenKey,NtQueryValueKey,NtClose,LdrGetDllHandle,LdrGetProcedureAddress,NtClose,NtOpenKeyEx,NtQueryValueKey,NtClose,LdrLoadDll,LdrGetProcedureAddress,LdrLoadDll,LdrGetProcedureAddress,GetSystemWindowsDirectoryW,CreateActCtxW,LdrGetDllHandle,LdrGetProcedureAddress,LdrLoadDll,LdrGetProcedureAddress,NtOpenKeyEx,NtQueryValueKey,NtClose,NtOpenKeyEx,NtQueryValueKey,NtClose,GetSystemInfo,LdrGetDllHandle,LdrGetProcedureAddress,NtOpenKeyEx,NtOpenDirectoryObject,LdrLoadDll,LdrGetProcedureAddress,GetSystemInfo,NtAllocateVirtualMemory,NtFreeVirtualMemory,NtAllocateVirtualMemory,LdrLoadDll,LdrGetProcedureAddress,LdrLoadDll,LdrGetProcedureAddress,LdrLoadDll,LdrGetProcedureAddress,GetSystemTimeAsFileTime,NtOpenKeyEx,NtQueryValueKey,NtClose,LdrLoadDll,LdrGetProcedureAddress,GetSystemDirectoryW,NtOpenKeyEx,LdrLoadDll,LdrGetProcedureAddress,LdrLoadDll,LdrGetProcedureAddress,GetSystemInfo,LdrLoadDll,LdrGetProcedureAddress,LdrLoadDll,LdrGetProcedureAddress,GetSystemTimeAsFileTime,LdrGetDllHandle,LdrGetProcedureAddress,NtAllocateVirtualMemory,GetFileType,NtAllocateVirtualMemory,SetUnhandledExceptionFilter",147,trojan
a7f21f173d905d1eac5f487f1109900f,"GetSystemTimeAsFileTime,LdrLoadDll,LdrGetProcedureAddress,LdrLoadDll,LdrGetProcedureAddress,LdrLoadDll,LdrGetProcedureAddress,LdrLoadDll,LdrGetProcedureAddress,LdrGetDllHandle,LdrGetProcedureAddress,LdrGetDllHandle,LdrGetProcedureAddress,SetUnhandledExceptionFilter,LdrLoadDll,LdrGetProcedureAddress,CryptAcquireContextW,NtOpenKey,NtQueryValueKey,NtClose,NtOpenKey,NtQueryValueKey,NtClose,LdrGetProcedureAddress,CryptCreateHash,LdrGetProcedureAddress,CryptHashData,LdrGetProcedureAddress,NtCreateFile,GetFileSize,SetFilePointer,NtReadFile,NtClose,RegOpenKeyExW,RegQueryValueExW,RegCloseKey,CoInitializeEx,RegOpenKeyExW,RegQueryValueExW,RegEnumKeyW,RegOpenKeyExW,RegQueryValueExW,RegCloseKey,RegEnumKeyW,RegCloseKey,RegOpenKeyExW,RegQueryValueExW,RegCloseKey,CreateThread,UuidCreate,RegCreateKeyExW,RegSetValueExW,LdrLoadDll,RegSetValueExW,RegCloseKey,RegOpenKeyExW,RegQueryValueExW,GetSystemTimeAsFileTime,RegQueryValueExW,RegCloseKey,RegOpenKeyExW,RegQueryValueExW,RegCloseKey,RegOpenKeyExW,RegQueryValueExW,RegCloseKey,CoInitializeEx,NtDelayExecution,EnumWindows,GetSystemTimeAsFileTime,CoCreateInstance,LdrGetDllHandle,LdrGetProcedureAddress,NtDelayExecution,LdrGetProcedureAddress,EnumWindows,GetSystemTimeAsFileTime,LdrGetProcedureAddress,RegOpenKeyExW,FindResourceW,SizeofResource,LoadResource,NtDelayExecution,EnumWindows,GetSystemTimeAsFileTime,NtDelayExecution,EnumWindows,GetSystemTimeAsFileTime,CoCreateInstance,NtDelayExecution,EnumWindows,GetSystemTimeAsFileTime,NtAllocateVirtualMemory,NtDelayExecution,EnumWindows,GetSystemTimeAsFileTime,LdrLoadDll,LdrGetProcedureAddress,RegOpenKeyExW,RegQueryInfoKeyW",9917,trojan
7853644089283f71c4a9f187f3a3f495,"GetSystemTimeAsFileTime,LdrGetDllHandle,LdrGetProcedureAddress,SetUnhandledExceptionFilter,NtClose,NtOpenKey,NtQueryValueKey,NtClose,NtOpenKey,NtQueryValueKey,NtClose,LdrLoadDll,LdrGetProcedureAddress,GetSystemWindowsDirectoryW,NtCreateFile,NtCreateSection,NtMapViewOfSection,NtClose,NtAllocateVirtualMemory,NtProtectVirtualMemory,LdrGetProcedureAddress,NtProtectVirtualMemory,LdrLoadDll,LdrGetProcedureAddress,GetSystemWindowsDirectoryW,LdrLoadDll,LdrGetProcedureAddress,LdrLoadDll,NtQuerySystemInformation,RegOpenKeyExA,RegQueryValueExA,RegCloseKey,NtOpenKey,NtQueryValueKey,NtClose,NtOpenKey,NtQueryValueKey,NtClose,NtOpenKey,NtQueryValueKey,NtClose,RegOpenKeyExW,GlobalMemoryStatusEx,NtOpenKey,NtQueryValueKey,NtClose,NtDuplicateObject,NtClose,NtCreateMutant,LdrUnloadDll,NtOpenKey,NtProtectVirtualMemory,NtOpenThread,NtDelayExecution,NtAllocateVirtualMemory,NtProtectVirtualMemory,NtAllocateVirtualMemory,NtFreeVirtualMemory,NtProtectVirtualMemory,LdrGetProcedureAddress,NtAllocateVirtualMemory,NtFreeVirtualMemory,NtAllocateVirtualMemory,LdrGetDllHandle,LdrGetProcedureAddress,LdrGetDllHandle,LdrGetProcedureAddress,LdrGetDllHandle,LdrGetProcedureAddress,LdrGetDllHandle,LdrGetProcedureAddress,LdrGetDllHandle,LdrGetProcedureAddress,LdrGetDllHandle,LdrGetProcedureAddress,LdrGetDllHandle,LdrGetProcedureAddress,LdrGetDllHandle,LdrGetProcedureAddress,LdrGetDllHandle,LdrGetProcedureAddress,LdrGetDllHandle,LdrGetProcedureAddress,LdrGetDllHandle,LdrGetProcedureAddress,LdrGetDllHandle,LdrGetProcedureAddress,LdrGetDllHandle,LdrGetProcedureAddress,LdrGetDllHandle,LdrGetProcedureAddress,LdrGetDllHandle,LdrGetProcedureAddress,LdrGetDllHandle,LdrGetProcedureAddress,LdrGetDllHandle,LdrGetProcedureAddress,LdrGetDllHandle,LdrGetProcedureAddress,LdrGetDllHandle",9918,trojan
2c3e8932d893519d696247839d0bdc5b,"NtAllocateVirtualMemory,NtFreeVirtualMemory,NtAllocateVirtualMemory,LdrGetDllHandle,LdrGetProcedureAddress,GetFileType,NtAllocateVirtualMemory,NtOpenDirectoryObject,NtClose,NtAllocateVirtualMemory,SetErrorMode,NtProtectVirtualMemory,LdrGetProcedureAddress,NtProtectVirtualMemory,LdrLoadDll,LdrGetProcedureAddress,LdrLoadDll,LdrGetProcedureAddress,GetSystemTimeAsFileTime,NtQuerySystemInformation,NtProtectVirtualMemory,GetSystemDirectoryW,LdrGetDllHandle,LdrLoadDll,GetSystemDirectoryW,LdrGetDllHandle,NtOpenKey,NtQueryValueKey,NtClose,LdrGetDllHandle,LdrGetProcedureAddress,NtOpenKey,NtQueryValueKey,NtOpenKey,NtQueryValueKey,NtClose,NtOpenKey,NtEnumerateKey,NtOpenKey,NtQueryValueKey,NtClose,NtEnumerateKey,NtClose,NtOpenKey,NtClose,NtOpenKey,NtEnumerateValueKey,NtClose,NtOpenKey,NtClose,NtOpenKey,NtEnumerateValueKey,NtClose,NtOpenKey,NtClose,NtOpenKey,NtQueryValueKey,NtClose,NtOpenKey,NtClose,NtOpenKey,NtQueryValueKey,NtClose,RegOpenKeyExW,RegQueryValueExW,RegCloseKey,LdrLoadDll,LdrGetProcedureAddress,NtProtectVirtualMemory,NtDelayExecution,NtAllocateVirtualMemory,NtProtectVirtualMemory,NtAllocateVirtualMemory,NtFreeVirtualMemory,NtProtectVirtualMemory,LdrGetProcedureAddress,NtAllocateVirtualMemory,NtFreeVirtualMemory,NtAllocateVirtualMemory,LdrGetDllHandle,LdrGetProcedureAddress,LdrGetDllHandle,LdrGetProcedureAddress,LdrGetDllHandle,LdrGetProcedureAddress,LdrGetDllHandle,LdrGetProcedureAddress,LdrGetDllHandle,LdrGetProcedureAddress,LdrGetDllHandle,LdrGetProcedureAddress,LdrGetDllHandle,LdrGetProcedureAddress,LdrGetDllHandle,LdrGetProcedureAddress,LdrGetDllHandle,LdrGetProcedureAddress,LdrGetDllHandle,LdrGetProcedureAddress,LdrGetDllHandle",9919,trojan
a8c317461d2ed60c728514f34f36d3a7,"RegOpenKeyExA,NtOpenKey,NtQueryValueKey,NtClose,NtOpenKey,NtQueryValueKey,NtClose,NtQueryAttributesFile,LoadStringA,NtAllocateVirtualMemory,LoadStringA,LdrGetDllHandle,LdrGetProcedureAddress,LdrGetDllHandle,LdrGetProcedureAddress,LdrGetDllHandle,LoadStringA,LdrGetProcedureAddress,GetSystemMetrics,FindResourceExW,LoadResource,FindResourceExW,LoadResource,FindResourceExW,LoadResource,FindResourceExW,LoadResource,FindResourceExW,LoadResource,FindResourceExW,LoadResource,FindResourceExW,LoadResource,FindResourceExW,LoadResource,FindResourceExW,LoadResource,FindResourceExW,LoadResource,FindResourceExW,LoadResource,FindResourceExW,LoadResource,FindResourceExW,LoadResource,FindResourceExW,LoadResource,LdrGetProcedureAddress,FindResourceExW,LoadResource,FindResourceExW,LoadResource,NtAllocateVirtualMemory,GetSystemMetrics,NtClose,GetSystemMetrics,NtAllocateVirtualMemory,LdrLoadDll,LdrGetProcedureAddress,LdrGetDllHandle,FindResourceExW,LoadResource,FindResourceExW,LoadResource,DrawTextExW,GetSystemMetrics,FindResourceExW,LoadResource,GetSystemMetrics,DrawTextExW,LdrGetDllHandle,FindResourceExW,LoadResource,FindResourceExW,LoadResource,FindResourceExW,LoadResource,LdrGetDllHandle,LdrGetProcedureAddress,LoadStringA,LdrGetDllHandle,LdrGetProcedureAddress,LdrGetDllHandle,LdrGetProcedureAddress,GetSystemMetrics,FindResourceA,LoadResource,SizeofResource,NtAllocateVirtualMemory,LdrLoadDll,LdrGetProcedureAddress,GetSystemWindowsDirectoryW,NtCreateFile,NtCreateSection,NtMapViewOfSection,NtClose,GetSystemMetrics,NtAllocateVirtualMemory,CreateActCtxW,GetSystemWindowsDirectoryW",0,trojan
64aa4950df89aaa0ce3ac3bdbeb2b13a,"SetErrorMode,OleInitialize,LdrGetDllHandle,LdrLoadDll,LdrGetProcedureAddress,LdrLoadDll,LdrGetProcedureAddress,LdrLoadDll,LdrGetProcedureAddress,NtOpenSection,NtMapViewOfSection,RegOpenKeyExW,RegQueryValueExW,RegCloseKey,RegOpenKeyExW,RegQueryValueExW,RegCloseKey,RegOpenKeyExW,RegQueryValueExW,RegCloseKey,RegOpenKeyExW,RegQueryValueExW,RegCloseKey,RegOpenKeyExW,RegQueryValueExW,RegCloseKey,RegOpenKeyExW,NtClose,NtOpenKey,NtQueryValueKey,NtClose,NtOpenKey,NtQueryValueKey,NtClose,LdrLoadDll,LdrGetProcedureAddress,GetSystemWindowsDirectoryW,NtCreateFile,NtCreateSection,NtMapViewOfSection,NtClose,RegOpenKeyExA,LdrGetProcedureAddress,CreateActCtxW,LdrLoadDll,LdrGetProcedureAddress,GetSystemDirectoryW,RegOpenKeyExA,LdrLoadDll,LdrGetProcedureAddress,RegOpenKeyExW,RegQueryValueExW,RegCloseKey,RegOpenKeyExW,LdrGetProcedureAddress,RegOpenKeyExW,RegQueryValueExW,RegCloseKey,LdrGetProcedureAddress,RegOpenKeyExW,RegQueryValueExW,RegCloseKey,LdrGetProcedureAddress,GetVolumeNameForVolumeMountPointW,LdrGetProcedureAddress,RegOpenKeyExW,RegCloseKey,RegQueryValueExW,RegCloseKey,RegOpenKeyExW,RegCloseKey,RegQueryValueExW,RegCloseKey,LdrGetProcedureAddress,NtClose,NtDuplicateObject,RegOpenKeyExW,RegCloseKey,RegQueryValueExW,RegCloseKey,RegOpenKeyExW,LdrLoadDll,LdrGetProcedureAddress,RegEnumKeyW,RegOpenKeyExW,RegQueryValueExW,RegCloseKey,RegEnumKeyW,RegCloseKey,LdrGetProcedureAddress,RegOpenKeyExW,NtCreateFile,NtClose,NtQueryDirectoryFile,NtClose,LdrGetProcedureAddress,GetSystemWindowsDirectoryW,LoadStringW,GetSystemWindowsDirectoryW,GetSystemDirectoryW",113,downloader
f6db9f7e4f1bdd815dccc04e4fae3ad6,"GetSystemTimeAsFileTime,GetTempPathW,NtCreateFile,SetFilePointer,NtReadFile,NtAllocateVirtualMemory,GetFileAttributesW,NtAllocateVirtualMemory,NtCreateFile,NtWriteFile,NtReadFile,NtWriteFile,SetFileTime,NtClose,SetFileAttributesW,NtFreeVirtualMemory,NtClose,GetSystemTimeAsFileTime,RegOpenKeyExA,RegQueryValueExA,RegCloseKey,RegOpenKeyExA,RegQueryValueExA,RegCloseKey,RegOpenKeyExW,RegQueryValueExW,RegCloseKey,NtClose,GetSystemTimeAsFileTime,GlobalMemoryStatus,GetSystemTimeAsFileTime,GlobalMemoryStatus,LdrGetDllHandle,LdrGetProcedureAddress,GetFileType,LdrLoadDll,LdrGetProcedureAddress,GetFileVersionInfoSizeW,GetFileVersionInfoW,LdrLoadDll,LdrGetProcedureAddress,GetSystemWindowsDirectoryW,NtCreateFile,NtCreateSection,NtMapViewOfSection,NtClose,NtCreateFile,GetFileSize,NtCreateSection,NtClose,NtMapViewOfSection,NtClose,NtUnmapViewOfSection,SetErrorMode,GetTempPathW,NtCreateFile,GetFileSize,SetFilePointer,NtWriteFile,NtOpenKey,NtQueryValueKey,NtClose,NtOpenKey,NtQueryValueKey,NtClose,GetFileVersionInfoSizeW,GetFileVersionInfoW,NtCreateMutant,NtWriteFile,LdrGetDllHandle,LdrGetProcedureAddress,GetFileVersionInfoSizeW,GetFileVersionInfoW,NtWriteFile,RegOpenKeyExW,RegQueryValueExW,RegCloseKey,GetNativeSystemInfo,GlobalMemoryStatusEx,GlobalMemoryStatus,LdrGetDllHandle,LdrGetProcedureAddress,NtWriteFile,OpenSCManagerW,NtDuplicateObject,NtCreateThreadEx,NtDuplicateObject,NtResumeThread,LdrGetDllHandle,LdrLoadDll,NtWriteFile,LdrGetProcedureAddress,NtWriteFile,LdrGetProcedureAddress,NtWriteFile,LdrGetProcedureAddress,NtWriteFile,LdrGetProcedureAddress,NtWriteFile,LdrGetProcedureAddress",4979,_
2f48f08de1305f3bdeccf1a7d1904745,"NtClose,NtOpenKey,NtQueryValueKey,NtClose,NtOpenKey,NtQueryValueKey,NtClose,LdrGetDllHandle,LdrGetProcedureAddress,LdrGetDllHandle,LdrGetProcedureAddress,LdrGetDllHandle,LdrGetProcedureAddress,GetSystemInfo,NtAllocateVirtualMemory,RegOpenKeyExW,FindFirstFileExW,LoadStringW,LdrLoadDll,LdrGetProcedureAddress,GetNativeSystemInfo,LoadStringW,LdrGetDllHandle,LdrGetProcedureAddress,RegOpenKeyExW,NtOpenKey,NtQueryValueKey,LdrGetDllHandle,LdrGetProcedureAddress,LdrLoadDll,LdrGetProcedureAddress,LdrGetDllHandle,LdrGetProcedureAddress,LoadStringW,RegOpenKeyExW,RegQueryValueExW,RegCloseKey,LdrGetDllHandle,LdrGetProcedureAddress,LdrGetDllHandle,LdrGetProcedureAddress,SetErrorMode,LdrLoadDll,SetErrorMode,LdrLoadDll,SetErrorMode,GetSystemMetrics,FindResourceExW,OleInitialize,FindResourceExW,LoadResource,FindResourceExW,LoadResource,NtClose,NtAllocateVirtualMemory,GetSystemMetrics,NtAllocateVirtualMemory,LdrLoadDll,LdrGetProcedureAddress,LdrLoadDll,LdrGetProcedureAddress,LdrLoadDll,LdrGetProcedureAddress,LdrLoadDll,LdrGetProcedureAddress,LdrLoadDll,LdrGetProcedureAddress,LookupAccountSidW,LdrGetProcedureAddress,LookupAccountSidW,LdrLoadDll,LdrGetProcedureAddress,LdrLoadDll,LdrGetProcedureAddress,LdrLoadDll,LdrGetProcedureAddress,LdrGetDllHandle,FindResourceExW,LoadResource,FindResourceExW,LoadResource,DrawTextExW,GetSystemMetrics,FindResourceExW,LoadResource,GetSystemMetrics,DrawTextExW,LdrGetDllHandle,FindResourceExW,LoadResource,FindResourceExW,LoadResource,FindResourceExW,LoadResource,LdrGetDllHandle,LdrGetProcedureAddress,LoadStringW,LdrGetDllHandle,LdrGetProcedureAddress,LdrGetDllHandle",105,trojan
1fe1bb473a449311b222e94cc535ac53,"GetSystemTimeAsFileTime,LdrLoadDll,LdrGetProcedureAddress,LdrLoadDll,LdrGetProcedureAddress,LdrLoadDll,LdrGetProcedureAddress,LdrLoadDll,LdrGetProcedureAddress,LdrGetDllHandle,LdrGetProcedureAddress,LdrGetDllHandle,LdrGetProcedureAddress,SetUnhandledExceptionFilter,LdrLoadDll,LdrGetProcedureAddress,CryptAcquireContextW,NtOpenKey,NtQueryValueKey,NtClose,NtOpenKey,NtQueryValueKey,NtClose,LdrGetProcedureAddress,CryptCreateHash,LdrGetProcedureAddress,CryptHashData,LdrGetProcedureAddress,NtCreateFile,GetFileSize,SetFilePointer,NtReadFile,NtClose,RegOpenKeyExW,RegQueryValueExW,RegCloseKey,CoInitializeEx,RegOpenKeyExW,RegQueryValueExW,RegEnumKeyW,RegOpenKeyExW,RegQueryValueExW,RegCloseKey,RegEnumKeyW,RegCloseKey,RegOpenKeyExW,RegQueryValueExW,RegCloseKey,CreateThread,UuidCreate,RegCreateKeyExW,LdrLoadDll,GetSystemTimeAsFileTime,RegCreateKeyExW,RegSetValueExW,RegCloseKey,RegOpenKeyExW,RegQueryValueExW,RegCloseKey,RegOpenKeyExW,RegQueryValueExW,RegCloseKey,RegOpenKeyExW,RegQueryValueExW,RegCloseKey,CoInitializeEx,CoCreateInstance,LdrGetDllHandle,LdrGetProcedureAddress,RegOpenKeyExW,FindResourceW,SizeofResource,LoadResource,CoCreateInstance,NtAllocateVirtualMemory,LdrLoadDll,LdrGetProcedureAddress,RegOpenKeyExW,RegQueryInfoKeyW,RegEnumKeyExW,RegOpenKeyExW,RegQueryInfoKeyW,RegEnumKeyExW,RegOpenKeyExW,RegQueryValueExW,RegOpenKeyExW,NtDelayExecution,EnumWindows,GetSystemTimeAsFileTime,RegOpenKeyExW,RegQueryValueExW,RegOpenKeyExW,RegQueryValueExW,RegOpenKeyExW,RegQueryValueExW,RegOpenKeyExW,RegQueryValueExW,RegOpenKeyExW,RegQueryValueExW,RegOpenKeyExW",1305,trojan
c0d8382fed6ad1d99caa9f77b10e28dd,"GetSystemTimeAsFileTime,NtAllocateVirtualMemory,NtFreeVirtualMemory,NtAllocateVirtualMemory,LdrGetDllHandle,LdrGetProcedureAddress,LdrGetDllHandle,NtAllocateVirtualMemory,SetUnhandledExceptionFilter,NtAllocateVirtualMemory,LdrLoadDll,LdrGetProcedureAddress,LdrLoadDll,LdrGetProcedureAddress,GetSystemTimeAsFileTime,RegOpenKeyExA,RegQueryValueExA,RegCloseKey,RegOpenKeyExA,RegQueryValueExA,RegCloseKey,RegOpenKeyExW,RegQueryValueExW,RegCloseKey,NtAllocateVirtualMemory,NtClose,LdrLoadDll,LdrGetProcedureAddress,LdrLoadDll,LdrGetProcedureAddress,LdrLoadDll,LdrGetProcedureAddress,LdrLoadDll,LdrGetProcedureAddress,LdrLoadDll,LdrGetProcedureAddress,LdrLoadDll,LdrGetProcedureAddress,NtAllocateVirtualMemory,NtFreeVirtualMemory,NtAllocateVirtualMemory,LdrGetDllHandle,LdrGetProcedureAddress,LdrGetDllHandle,LdrGetProcedureAddress,LdrGetDllHandle,LdrGetProcedureAddress,LdrGetDllHandle,LdrGetProcedureAddress,LdrGetDllHandle,LdrGetProcedureAddress,LdrGetDllHandle,LdrGetProcedureAddress,LdrGetDllHandle,LdrGetProcedureAddress,LdrGetDllHandle,LdrGetProcedureAddress,LdrGetDllHandle,LdrGetProcedureAddress,LdrGetDllHandle,LdrGetProcedureAddress,LdrGetDllHandle,LdrGetProcedureAddress,LdrGetDllHandle,LdrGetProcedureAddress,LdrGetDllHandle,LdrGetProcedureAddress,LdrGetDllHandle,LdrGetProcedureAddress,LdrGetDllHandle,LdrGetProcedureAddress,LdrGetDllHandle,LdrGetProcedureAddress,LdrGetDllHandle,LdrGetProcedureAddress,LdrGetDllHandle,LdrGetProcedureAddress,LdrGetDllHandle,LdrGetProcedureAddress,LdrGetDllHandle,LdrGetProcedureAddress,LdrGetDllHandle,LdrGetProcedureAddress,LdrGetDllHandle,LdrGetProcedureAddress,LdrGetDllHandle,LdrGetProcedureAddress,LdrGetDllHandle,LdrGetProcedureAddress,LdrGetDllHandle,LdrGetProcedureAddress,LdrGetDllHandle,LdrGetProcedureAddress,LdrGetDllHandle,LdrGetProcedureAddress,NtAllocateVirtualMemory,LdrGetDllHandle,LdrGetProcedureAddress,NtOpenProcess,NtClose",224,downloader
7b2f7204f3ebaa150929d1bb9e07cfaf,"LdrLoadDll,LdrGetProcedureAddress,LdrLoadDll,LdrGetProcedureAddress,LdrLoadDll,LdrGetProcedureAddress,LdrLoadDll,LdrGetProcedureAddress,LdrLoadDll,LdrGetProcedureAddress,LdrLoadDll,LdrGetProcedureAddress,LdrLoadDll,LdrGetProcedureAddress,LdrLoadDll,LdrGetProcedureAddress,LdrLoadDll,LdrGetProcedureAddress,LdrLoadDll,LdrGetProcedureAddress,LdrLoadDll,LdrGetProcedureAddress,NtProtectVirtualMemory,NtClose,NtOpenKey,NtQueryValueKey,NtClose,NtOpenKey,NtQueryValueKey,NtClose,LdrGetDllHandle,LdrGetProcedureAddress,LdrGetDllHandle,LdrGetProcedureAddress,LdrGetDllHandle,LdrGetProcedureAddress,GetSystemInfo,NtAllocateVirtualMemory,RegOpenKeyExW,FindFirstFileExW,LoadStringW,LdrLoadDll,LdrGetProcedureAddress,GetNativeSystemInfo,LoadStringW,LdrGetDllHandle,LdrGetProcedureAddress,RegOpenKeyExW,NtOpenKey,NtQueryValueKey,LdrGetDllHandle,LdrGetProcedureAddress,LdrLoadDll,LdrGetProcedureAddress,LdrGetDllHandle,LdrGetProcedureAddress,GetTimeZoneInformation,LoadStringW,RegOpenKeyExW,RegQueryValueExW,RegCloseKey,LdrGetDllHandle,LdrGetProcedureAddress,LdrGetDllHandle,LdrGetProcedureAddress,SetErrorMode,LdrLoadDll,SetErrorMode,LdrLoadDll,SetErrorMode,GetSystemMetrics,FindResourceExW,OleInitialize,FindResourceExW,NtClose,NtAllocateVirtualMemory,GetSystemMetrics,NtAllocateVirtualMemory,LdrLoadDll,LdrGetProcedureAddress,LdrLoadDll,LdrGetProcedureAddress,LdrLoadDll,LdrGetProcedureAddress,LdrLoadDll,LdrGetProcedureAddress,LdrLoadDll,LdrGetProcedureAddress,LookupAccountSidW,LdrGetProcedureAddress,LookupAccountSidW,LdrLoadDll,LdrGetProcedureAddress,LdrLoadDll,LdrGetProcedureAddress,LdrLoadDll,LdrGetProcedureAddress,LdrGetDllHandle,FindResourceExW,DrawTextExW",21,trojan
